{"_sessions":{"BZMwn0Fxwfoe2TbmXdJrljzi1OyRCrFdvvqwvaeVYCh6":{"registrationId":230325147,"currentRatchet":{"ephemeralKeyPair":{"pubKey":"Bd+iI2GgIkvvxTf22HZxzJwko1fmb83b739MpLF1QDRM","privKey":"OCySKQw2dPUMGGLWH5CZ9KvH4wuanFaabrMQOwr/jkE="},"lastRemoteEphemeralKey":"BSKBZuA0REJKaSAiZ0rJPwMbUKRvLx9ZbjYIVBQ8qLUj","previousCounter":0,"rootKey":"G/Nf6nZCWHD7BkSCLY8Kc1bTNDjT0Az3NSpMeXzjfuc="},"indexInfo":{"baseKey":"BZMwn0Fxwfoe2TbmXdJrljzi1OyRCrFdvvqwvaeVYCh6","baseKeyType":1,"closed":-1,"used":1767239654398,"created":1767239653742,"remoteIdentityKey":"BQoM5v+rJtTfGWhyT1Jt7uJCxWYFV1I9lqartEKdTUI2"},"_chains":{"BSKBZuA0REJKaSAiZ0rJPwMbUKRvLx9ZbjYIVBQ8qLUj":{"chainKey":{"counter":0,"key":"f07iZwyvgAJgsZ7ZNc33zr4MZCSJ4vTPF/Up1XlRKNU="},"chainType":2,"messageKeys":{}},"Bd+iI2GgIkvvxTf22HZxzJwko1fmb83b739MpLF1QDRM":{"chainKey":{"counter":-1,"key":"FkToTujT4B+xZZqZmY1h6nTEV3C3u9SQQQiyeTBiF+M="},"chainType":1,"messageKeys":{}}}}},"version":"v1"}